AREA,STATE,OCC_CODE,Occupation,ann_median_wage,TOT_EMP,
4,AZ,00-0000,All Occupations,39500,2880690,
4,AZ,13-0000,Business and Financial Operations Occupations,62980,192980,192980
4,AZ,13-1011,"Agents and Business Managers of Artists, Performers, and Athletes",47570,50,
4,AZ,13-1020,Buyers and Purchasing Agents,63090,9340,
4,AZ,13-1031,"Claims Adjusters, Examiners, and Investigators",55350,10690,
4,AZ,13-1032,"Insurance Appraisers, Auto Damage",61570,490,
4,AZ,13-1041,Compliance Officers,62470,9180,
4,AZ,13-1051,Cost Estimators,63660,4460,
4,AZ,13-1071,Human Resources Specialists,60460,16540,
4,AZ,13-1075,Labor Relations Specialists,81020,250,
4,AZ,13-1081,Logisticians,65800,3220,
4,AZ,13-1082,Project Management Specialists,79860,21050,
4,AZ,13-1111,Management Analysts,79400,14500,
4,AZ,13-1121,"Meeting, Convention, and Event Planners",47300,1970,
4,AZ,13-1131,Fundraisers,52320,1210,
4,AZ,13-1141,"Compensation, Benefits, and Job Analysis Specialists",62020,1690,
4,AZ,13-1151,Training and Development Specialists,61260,10940,
4,AZ,13-1161,Market Research Analysts and Marketing Specialists,60360,15060,
4,AZ,13-1199,"Business Operations Specialists, All Other",73260,10690,
4,AZ,13-2011,Accountants and Auditors,76060,23150,
4,AZ,13-2020,Property Appraisers and Assessors,46900,1570,
4,AZ,13-2031,Budget Analysts,69680,1100,
4,AZ,13-2041,Credit Analysts,57340,1530,
4,AZ,13-2051,Financial and Investment Analysts,77710,4220,
4,AZ,13-2052,Personal Financial Advisors,64100,5420,
4,AZ,13-2053,Insurance Underwriters,72640,3010,
4,AZ,13-2054,Financial Risk Specialists,81680,1600,
4,AZ,13-2061,Financial Examiners,62750,1590,
4,AZ,13-2071,Credit Counselors,47550,2090,
4,AZ,13-2072,Loan Officers,52530,12650,
4,AZ,13-2081,"Tax Examiners and Collectors, and Revenue Agents",75210,270,
4,AZ,13-2082,Tax Preparers,47270,2140,
4,AZ,13-2099,"Financial Specialists, All Other",69200,1310,
4,AZ,15-0000,Computer and Mathematical Occupations,83320,103280,103280
4,AZ,15-1211,Computer Systems Analysts,99340,11270,
4,AZ,15-1212,Information Security Analysts,101570,3910,
4,AZ,15-1221,Computer and Information Research Scientists,141440,250,
4,AZ,15-1231,Computer Network Support Specialists,60110,2970,
4,AZ,15-1232,Computer User Support Specialists,48380,19990,
4,AZ,15-1241,Computer Network Architects,120240,3970,
4,AZ,15-1242,Database Administrators,98320,1760,
4,AZ,15-1243,Database Architects,103010,1030,
4,AZ,15-1244,Network and Computer Systems Administrators,79670,6220,
4,AZ,15-1251,Computer Programmers,77750,2390,
4,AZ,15-1252,Software Developers,102980,35490,
4,AZ,15-1253,Software Quality Assurance Analysts and Testers,79860,2690,
4,AZ,15-1254,Web Developers,61150,1890,
4,AZ,15-1255,Web and Digital Interface Designers,61320,1440,
4,AZ,15-1299,"Computer Occupations, All Other",78050,3680,
4,AZ,15-2011,Actuaries,91620,110,
4,AZ,15-2031,Operations Research Analysts,77160,1450,
4,AZ,15-2041,Statisticians,99370,360,
4,AZ,15-2051,Data Scientists,99330,2420,
4,AZ,17-0000,Architecture and Engineering Occupations,79380,47150,47150
4,AZ,17-1011,"Architects, Except Landscape and Naval",96250,1270,
4,AZ,17-1012,Landscape Architects,59050,580,
4,AZ,17-1021,Cartographers and Photogrammetrists,61030,210,
4,AZ,17-1022,Surveyors,61030,790,
4,AZ,17-2011,Aerospace Engineers,130850,1230,
4,AZ,17-2031,Bioengineers and Biomedical Engineers,120850,350,
4,AZ,17-2041,Chemical Engineers,98240,80,
4,AZ,17-2051,Civil Engineers,78690,4590,
4,AZ,17-2061,Computer Hardware Engineers,120700,400,
4,AZ,17-2071,Electrical Engineers,97090,4970,
4,AZ,17-2072,"Electronics Engineers, Except Computer",122920,4010,
4,AZ,17-2081,Environmental Engineers,93970,850,
4,AZ,17-2111,"Health and Safety Engineers, Except Mining Safety Engineers and Inspectors",95480,150,
4,AZ,17-2112,Industrial Engineers,99340,6360,
4,AZ,17-2131,Materials Engineers,97090,320,
4,AZ,17-2141,Mechanical Engineers,97090,5340,
4,AZ,17-2151,"Mining and Geological Engineers, Including Mining Safety Engineers",79890,510,
4,AZ,17-2171,Petroleum Engineers,139250,,
4,AZ,17-2199,"Engineers, All Other",101120,1830,
4,AZ,17-3011,Architectural and Civil Drafters,60220,2480,
4,AZ,17-3012,Electrical and Electronics Drafters,60980,1100,
4,AZ,17-3013,Mechanical Drafters,61110,620,
4,AZ,17-3019,"Drafters, All Other",48280,440,
4,AZ,17-3021,Aerospace Engineering and Operations Technologists and Technicians,59110,320,
4,AZ,17-3022,Civil Engineering Technologists and Technicians,58780,1100,
4,AZ,17-3023,Electrical and Electronic Engineering Technologists and Technicians,66160,2070,
4,AZ,17-3024,Electro-Mechanical and Mechatronics Technologists and Technicians,73490,80,
4,AZ,17-3025,Environmental Engineering Technologists and Technicians,48080,200,
4,AZ,17-3026,Industrial Engineering Technologists and Technicians,61950,2050,
4,AZ,17-3027,Mechanical Engineering Technologists and Technicians,60220,660,
4,AZ,17-3028,Calibration Technologists and Technicians,75800,120,
4,AZ,17-3029,"Engineering Technologists and Technicians, Except Drafters, All Other",60220,970,
4,AZ,17-3031,Surveying and Mapping Technicians,52300,940,
4,AZ,19-0000,"Life, Physical, and Social Science Occupations",62730,19390,19390
4,AZ,19-1012,Food Scientists and Technologists,74490,40,
4,AZ,19-1013,Soil and Plant Scientists,76230,160,
4,AZ,19-1021,Biochemists and Biophysicists,78530,110,
4,AZ,19-1022,Microbiologists,51620,50,
4,AZ,19-1023,Zoologists and Wildlife Biologists,62000,350,
4,AZ,19-1029,"Biological Scientists, All Other",79530,560,
4,AZ,19-1031,Conservation Scientists,63750,310,
4,AZ,19-1032,Foresters,56990,120,
4,AZ,19-1041,Epidemiologists,62240,240,
4,AZ,19-1042,"Medical Scientists, Except Epidemiologists",62540,1640,
4,AZ,19-1099,"Life Scientists, All Other",,120,
4,AZ,19-2011,Astronomers,103850,110,
4,AZ,19-2012,Physicists,172940,70,
4,AZ,19-2021,Atmospheric and Space Scientists,94050,100,
4,AZ,19-2031,Chemists,78340,570,
4,AZ,19-2032,Materials Scientists,74940,110,
4,AZ,19-2041,"Environmental Scientists and Specialists, Including Health",62100,1110,
4,AZ,19-2042,"Geoscientists, Except Hydrologists and Geographers",80270,330,
4,AZ,19-2043,Hydrologists,81700,410,
4,AZ,19-2099,"Physical Scientists, All Other",102040,100,
4,AZ,19-3022,Survey Researchers,61630,70,
4,AZ,19-3033,Clinical and Counseling Psychologists,77450,720,
4,AZ,19-3034,School Psychologists,78210,1070,
4,AZ,19-3039,"Psychologists, All Other",105000,180,
4,AZ,19-3041,Sociologists,61570,40,
4,AZ,19-3051,Urban and Regional Planners,76700,1040,
4,AZ,19-3091,Anthropologists and Archeologists,60040,360,
4,AZ,19-3092,Geographers,63750,90,
4,AZ,19-3094,Political Scientists,95660,60,
4,AZ,19-3099,"Social Scientists and Related Workers, All Other",93120,480,
4,AZ,19-4012,Agricultural Technicians,60050,,
4,AZ,19-4021,Biological Technicians,40710,800,
4,AZ,19-4031,Chemical Technicians,48800,440,
4,AZ,19-4042,"Environmental Science and Protection Technicians, Including Health",46920,650,
4,AZ,19-4043,"Geological Technicians, Except Hydrologic Technicians",38560,130,
4,AZ,19-4044,Hydrologic Technicians,72180,70,
4,AZ,19-4061,Social Science Research Assistants,50100,1230,
4,AZ,19-4071,Forest and Conservation Technicians,36520,1330,
4,AZ,19-4092,Forensic Science Technicians,63360,910,
4,AZ,19-4099,"Life, Physical, and Social Science Technicians, All Other",60600,330,
4,AZ,19-5011,Occupational Health and Safety Specialists,74490,2120,
4,AZ,19-5012,Occupational Health and Safety Technicians,57740,180,
4,AZ,21-0000,Community and Social Service Occupations,47180,44960,44960
4,AZ,21-1012,"Educational, Guidance, and Career Counselors and Advisors",49430,7980,
4,AZ,21-1013,Marriage and Family Therapists,49360,460,
4,AZ,21-1015,Rehabilitation Counselors,38270,2080,
4,AZ,21-1018,"Substance Abuse, Behavioral Disorder, and Mental Health Counselors",48930,5990,
4,AZ,21-1019,"Counselors, All Other",49330,260,
4,AZ,21-1021,"Child, Family, and School Social Workers",38980,7740,
4,AZ,21-1022,Healthcare Social Workers,60910,3670,
4,AZ,21-1023,Mental Health and Substance Abuse Social Workers,38590,3030,
4,AZ,21-1029,"Social Workers, All Other",60510,1250,
4,AZ,21-1091,Health Education Specialists,48460,1300,
4,AZ,21-1092,Probation Officers and Correctional Treatment Specialists,57860,2350,
4,AZ,21-1093,Social and Human Service Assistants,36900,5860,
4,AZ,21-1094,Community Health Workers,38990,1060,
4,AZ,21-1099,"Community and Social Service Specialists, All Other",46990,640,
4,AZ,21-2011,Clergy,50820,770,
4,AZ,21-2021,"Directors, Religious Activities and Education",48690,,
4,AZ,23-0000,Legal Occupations,76880,23740,23740
4,AZ,23-1011,Lawyers,102390,11400,
4,AZ,23-1021,"Administrative Law Judges, Adjudicators, and Hearing Officers",97360,260,
4,AZ,23-1022,"Arbitrators, Mediators, and Conciliators",63030,140,
4,AZ,23-1023,"Judges, Magistrate Judges, and Magistrates",81150,750,
4,AZ,23-2011,Paralegals and Legal Assistants,49390,8170,
4,AZ,23-2093,"Title Examiners, Abstractors, and Searchers",48660,1530,
4,AZ,23-2099,"Legal Support Workers, All Other",51770,510,
4,AZ,25-0000,Educational Instruction and Library Occupations,47960,138450,138450
4,AZ,25-1011,"Business Teachers, Postsecondary",63670,1540,
4,AZ,25-1021,"Computer Science Teachers, Postsecondary",63670,790,
4,AZ,25-1022,"Mathematical Science Teachers, Postsecondary",63670,1260,
4,AZ,25-1031,"Architecture Teachers, Postsecondary",63670,210,
4,AZ,25-1032,"Engineering Teachers, Postsecondary",98830,770,
4,AZ,25-1041,"Agricultural Sciences Teachers, Postsecondary",64200,90,
4,AZ,25-1042,"Biological Science Teachers, Postsecondary",63670,840,
4,AZ,25-1043,"Forestry and Conservation Science Teachers, Postsecondary",77170,40,
4,AZ,25-1051,"Atmospheric, Earth, Marine, and Space Sciences Teachers, Postsecondary",98070,300,
4,AZ,25-1052,"Chemistry Teachers, Postsecondary",64200,600,
4,AZ,25-1053,"Environmental Science Teachers, Postsecondary",78910,110,
4,AZ,25-1054,"Physics Teachers, Postsecondary",98070,230,
4,AZ,25-1061,"Anthropology and Archeology Teachers, Postsecondary",78910,90,
4,AZ,25-1062,"Area, Ethnic, and Cultural Studies Teachers, Postsecondary",63670,390,
4,AZ,25-1063,"Economics Teachers, Postsecondary",98830,170,
4,AZ,25-1064,"Geography Teachers, Postsecondary",77630,110,
4,AZ,25-1065,"Political Science Teachers, Postsecondary",78910,180,
4,AZ,25-1066,"Psychology Teachers, Postsecondary",63860,570,
4,AZ,25-1067,"Sociology Teachers, Postsecondary",77630,180,
4,AZ,25-1069,"Social Sciences Teachers, Postsecondary, All Other",63670,710,
4,AZ,25-1071,"Health Specialties Teachers, Postsecondary",99100,3040,
4,AZ,25-1072,"Nursing Instructors and Teachers, Postsecondary",63670,1490,
4,AZ,25-1081,"Education Teachers, Postsecondary",63670,1100,
4,AZ,25-1082,"Library Science Teachers, Postsecondary",64200,70,
4,AZ,25-1111,"Criminal Justice and Law Enforcement Teachers, Postsecondary",63670,430,
4,AZ,25-1112,"Law Teachers, Postsecondary",101900,230,
4,AZ,25-1113,"Social Work Teachers, Postsecondary",63670,530,
4,AZ,25-1121,"Art, Drama, and Music Teachers, Postsecondary",63670,1530,
4,AZ,25-1122,"Communications Teachers, Postsecondary",63670,1010,
4,AZ,25-1123,"English Language and Literature Teachers, Postsecondary",63670,1220,
4,AZ,25-1124,"Foreign Language and Literature Teachers, Postsecondary",63670,460,
4,AZ,25-1125,"History Teachers, Postsecondary",77630,130,
4,AZ,25-1126,"Philosophy and Religion Teachers, Postsecondary",64640,290,
4,AZ,25-1192,"Family and Consumer Sciences Teachers, Postsecondary",63670,90,
4,AZ,25-1193,"Recreation and Fitness Studies Teachers, Postsecondary",64200,450,
4,AZ,25-1194,"Career/Technical Education Teachers, Postsecondary",58440,2280,
4,AZ,25-1199,"Postsecondary Teachers, All Other",60390,2780,
4,AZ,25-2011,"Preschool Teachers, Except Special Education",29310,7490,
4,AZ,25-2012,"Kindergarten Teachers, Except Special Education",47960,3030,
4,AZ,25-2021,"Elementary School Teachers, Except Special Education",47960,24370,
4,AZ,25-2022,"Middle School Teachers, Except Special and Career/Technical Education",48090,9710,
4,AZ,25-2023,"Career/Technical Education Teachers, Middle School",48770,40,
4,AZ,25-2031,"Secondary School Teachers, Except Special and Career/Technical Education",49280,18390,
4,AZ,25-2032,"Career/Technical Education Teachers, Secondary School",59260,980,
4,AZ,25-2051,"Special Education Teachers, Preschool",49510,360,
4,AZ,25-2052,"Special Education Teachers, Kindergarten and Elementary School",50130,3260,
4,AZ,25-2057,"Special Education Teachers, Middle School",48770,1140,
4,AZ,25-2058,"Special Education Teachers, Secondary School",49730,2120,
4,AZ,25-2059,"Special Education Teachers, All Other",61020,140,
4,AZ,25-3011,"Adult Basic Education, Adult Secondary Education, and English as a Second Language Instructors",48200,300,
4,AZ,25-3021,Self-Enrichment Teachers,46910,2320,
4,AZ,25-3031,"Substitute Teachers, Short-Term",29940,3410,
4,AZ,25-3041,Tutors,29750,1990,
4,AZ,25-3099,"Teachers and Instructors, All Other",55620,1560,
4,AZ,25-4012,Curators,49510,190,
4,AZ,25-4022,Librarians and Media Collections Specialists,48650,1830,
4,AZ,25-9021,Farm and Home Management Educators,61580,30,
4,AZ,25-9031,Instructional Coordinators,60500,3680,
4,AZ,25-9044,"Teaching Assistants, Postsecondary",37740,1080,
4,AZ,25-9045,"Teaching Assistants, Except Postsecondary",29130,22940,
4,AZ,25-9099,"Educational Instruction and Library Workers, All Other",39170,790,
4,AZ,27-0000,"Arts, Design, Entertainment, Sports, and Media Occupations",47490,29210,29210
4,AZ,27-1011,Art Directors,78540,540,
4,AZ,27-1013,"Fine Artists, Including Painters, Sculptors, and Illustrators",38960,80,
4,AZ,27-1014,Special Effects Artists and Animators,48710,,
4,AZ,27-1019,"Artists and Related Workers, All Other",49320,50,
4,AZ,27-1021,Commercial and Industrial Designers,98550,350,
4,AZ,27-1022,Fashion Designers,80150,,
4,AZ,27-1023,Floral Designers,29490,410,
4,AZ,27-1024,Graphic Designers,49110,3140,
4,AZ,27-1025,Interior Designers,48940,1250,
4,AZ,27-1026,Merchandise Displayers and Window Trimmers,29880,4110,
4,AZ,27-1027,Set and Exhibit Designers,53610,40,
4,AZ,27-1029,"Designers, All Other",60550,70,
4,AZ,27-2011,Actors,,280,
4,AZ,27-2012,Producers and Directors,50500,1140,
4,AZ,27-2021,Athletes and Sports Competitors,26200,460,
4,AZ,27-2022,Coaches and Scouts,47370,2500,
4,AZ,27-2023,"Umpires, Referees, and Other Sports Officials",38120,120,
4,AZ,27-2032,Choreographers,48590,40,
4,AZ,27-2042,Musicians and Singers,,350,
4,AZ,27-2091,"Disc Jockeys, Except Radio",,140,
4,AZ,27-3011,Broadcast Announcers and Radio Disc Jockeys,30390,460,
4,AZ,27-3023,"News Analysts, Reporters, and Journalists",45930,710,
4,AZ,27-3031,Public Relations Specialists,62560,4650,
4,AZ,27-3041,Editors,61700,1000,
4,AZ,27-3042,Technical Writers,77450,630,
4,AZ,27-3043,Writers and Authors,48930,580,
4,AZ,27-3091,Interpreters and Translators,30670,2350,
4,AZ,27-3092,Court Reporters and Simultaneous Captioners,62390,180,
4,AZ,27-3099,"Media and Communication Workers, All Other",76790,280,
4,AZ,27-4011,Audio and Video Technicians,48560,720,
4,AZ,27-4012,Broadcast Technicians,44710,350,
4,AZ,27-4014,Sound Engineering Technicians,44880,40,
4,AZ,27-4015,Lighting Technicians,40700,70,
4,AZ,27-4021,Photographers,30690,910,
4,AZ,27-4031,"Camera Operators, Television, Video, and Film",59980,310,
4,AZ,27-4032,Film and Video Editors,38680,220,
4,AZ,27-4099,"Media and Communication Equipment Workers, All Other",78310,210,
4,AZ,29-0000,Healthcare Practitioners and Technical Occupations,76250,173790,173790
4,AZ,29-1011,Chiropractors,60760,1000,
4,AZ,29-1021,"Dentists, General",164060,1830,
4,AZ,29-1031,Dietitians and Nutritionists,60530,1430,
4,AZ,29-1041,Optometrists,128690,1000,
4,AZ,29-1051,Pharmacists,128190,7000,
4,AZ,29-1071,Physician Assistants,124870,2940,
4,AZ,29-1081,Podiatrists,153480,260,
4,AZ,29-1122,Occupational Therapists,80690,2260,
4,AZ,29-1123,Physical Therapists,95590,3900,
4,AZ,29-1124,Radiation Therapists,95620,230,
4,AZ,29-1125,Recreational Therapists,48380,200,
4,AZ,29-1126,Respiratory Therapists,60850,3380,
4,AZ,29-1127,Speech-Language Pathologists,78670,2700,
4,AZ,29-1128,Exercise Physiologists,57220,120,
4,AZ,29-1129,"Therapists, All Other",60570,80,
4,AZ,29-1131,Veterinarians,100450,1480,
4,AZ,29-1141,Registered Nurses,78260,57260,
4,AZ,29-1151,Nurse Anesthetists,166060,410,
4,AZ,29-1161,Nurse Midwives,102060,190,
4,AZ,29-1171,Nurse Practitioners,121070,5110,
4,AZ,29-1181,Audiologists,75110,400,
4,AZ,29-1211,Anesthesiologists,,1450,
4,AZ,29-1212,Cardiologists,,,
4,AZ,29-1213,Dermatologists,,340,
4,AZ,29-1214,Emergency Medicine Physicians,,,
4,AZ,29-1215,Family Medicine Physicians,,2610,
4,AZ,29-1216,General Internal Medicine Physicians,,,
4,AZ,29-1217,Neurologists,78950,380,
4,AZ,29-1218,Obstetricians and Gynecologists,,,
4,AZ,29-1221,"Pediatricians, General",203460,920,
4,AZ,29-1222,"Physicians, Pathologists",,,
4,AZ,29-1223,Psychiatrists,,540,
4,AZ,29-1224,Radiologists,,1380,
4,AZ,29-1229,"Physicians, All Other",,5520,
4,AZ,29-1241,"Ophthalmologists, Except Pediatric",,80,
4,AZ,29-1242,"Orthopedic Surgeons, Except Pediatric",,420,
4,AZ,29-1249,"Surgeons, All Other",,280,
4,AZ,29-1291,Acupuncturists,28880,,
4,AZ,29-1292,Dental Hygienists,78140,3410,
4,AZ,29-1299,"Healthcare Diagnosing or Treating Practitioners, All Other",80370,330,
4,AZ,29-2010,Clinical Laboratory Technologists and Technicians,47020,7680,
4,AZ,29-2031,Cardiovascular Technologists and Technicians,48450,990,
4,AZ,29-2032,Diagnostic Medical Sonographers,80330,1800,
4,AZ,29-2033,Nuclear Medicine Technologists,81550,390,
4,AZ,29-2034,Radiologic Technologists and Technicians,61940,4310,
4,AZ,29-2035,Magnetic Resonance Imaging Technologists,78620,760,
4,AZ,29-2036,Medical Dosimetrists,103890,40,
4,AZ,29-2042,Emergency Medical Technicians,29340,2630,
4,AZ,29-2043,Paramedics,46590,1780,
4,AZ,29-2051,Dietetic Technicians,29280,820,
4,AZ,29-2052,Pharmacy Technicians,37240,10330,
4,AZ,29-2053,Psychiatric Technicians,36610,5280,
4,AZ,29-2055,Surgical Technologists,58750,2540,
4,AZ,29-2056,Veterinary Technologists and Technicians,36690,3280,
4,AZ,29-2057,Ophthalmic Medical Technicians,36590,2250,
4,AZ,29-2061,Licensed Practical and Licensed Vocational Nurses,59490,6270,
4,AZ,29-2072,Medical Records Specialists,38450,4190,
4,AZ,29-2081,"Opticians, Dispensing",38330,1360,
4,AZ,29-2091,Orthotists and Prosthetists,61790,230,
4,AZ,29-2092,Hearing Aid Specialists,60360,110,
4,AZ,29-2099,"Health Technologists and Technicians, All Other",45940,2360,
4,AZ,29-9021,Health Information Technologists and Medical Registrars,46690,980,
4,AZ,29-9091,Athletic Trainers,56460,480,
4,AZ,29-9093,Surgical Assistants,40070,110,
4,AZ,29-9099,"Healthcare Practitioners and Technical Workers, All Other",59320,450,
4,AZ,31-0000,Healthcare Support Occupations,29720,131930,131930
4,AZ,31-1120,Home Health and Personal Care Aides,29000,66750,
4,AZ,31-1131,Nursing Assistants,36090,17840,
4,AZ,31-1132,Orderlies,29620,540,
4,AZ,31-2011,Occupational Therapy Assistants,60740,1470,
4,AZ,31-2021,Physical Therapist Assistants,58910,,
4,AZ,31-2022,Physical Therapist Aides,29620,1170,
4,AZ,31-9011,Massage Therapists,43150,2540,
4,AZ,31-9091,Dental Assistants,39480,9260,
4,AZ,31-9092,Medical Assistants,37390,19970,
4,AZ,31-9093,Medical Equipment Preparers,37660,1220,
4,AZ,31-9094,Medical Transcriptionists,29990,1200,
4,AZ,31-9095,Pharmacy Aides,29430,480,
4,AZ,31-9096,Veterinary Assistants and Laboratory Animal Caretakers,29780,2090,
4,AZ,31-9097,Phlebotomists,38000,2120,
4,AZ,31-9099,"Healthcare Support Workers, All Other",37680,3000,
4,AZ,33-0000,Protective Service Occupations,44200,80960,80960
4,AZ,33-1011,First-Line Supervisors of Correctional Officers,54870,1750,
4,AZ,33-1012,First-Line Supervisors of Police and Detectives,98870,2380,
4,AZ,33-1021,First-Line Supervisors of Firefighting and Prevention Workers,76730,2040,
4,AZ,33-1091,First-Line Supervisors of Security Workers,40130,1150,
4,AZ,33-1099,"First-Line Supervisors of Protective Service Workers, All Other",56390,580,
4,AZ,33-2011,Firefighters,47520,7180,
4,AZ,33-2021,Fire Inspectors and Investigators,61130,180,
4,AZ,33-2022,Forest Fire Inspectors and Prevention Specialists,62070,60,
4,AZ,33-3011,Bailiffs,39160,200,
4,AZ,33-3012,Correctional Officers and Jailers,46200,14160,
4,AZ,33-3021,Detectives and Criminal Investigators,91350,5370,
4,AZ,33-3031,Fish and Game Wardens,39000,240,
4,AZ,33-3041,Parking Enforcement Workers,39660,40,
4,AZ,33-3051,Police and Sheriff's Patrol Officers,66020,12740,
4,AZ,33-9011,Animal Control Workers,38890,220,
4,AZ,33-9021,Private Detectives and Investigators,50710,700,
4,AZ,33-9031,Gambling Surveillance Officers and Gambling Investigators,31500,360,
4,AZ,33-9032,Security Guards,30570,23920,
4,AZ,33-9091,Crossing Guards and Flaggers,28910,1510,
4,AZ,33-9092,"Lifeguards, Ski Patrol, and Other Recreational Protective Service Workers",28910,2370,
4,AZ,33-9093,Transportation Security Screeners,43060,1130,
4,AZ,33-9094,School Bus Monitors,28910,1410,
4,AZ,33-9099,"Protective Service Workers, All Other",47020,1280,
4,AZ,35-0000,Food Preparation and Serving Related Occupations,29500,244670,244670
4,AZ,35-1011,Chefs and Head Cooks,59770,1520,
4,AZ,35-1012,First-Line Supervisors of Food Preparation and Serving Workers,37640,22280,
4,AZ,35-2011,"Cooks, Fast Food",28130,34240,
4,AZ,35-2012,"Cooks, Institution and Cafeteria",30690,6170,
4,AZ,35-2014,"Cooks, Restaurant",30290,25960,
4,AZ,35-2015,"Cooks, Short Order",27730,270,
4,AZ,35-2019,"Cooks, All Other",30460,710,
4,AZ,35-2021,Food Preparation Workers,29580,14910,
4,AZ,35-3011,Bartenders,37790,11620,
4,AZ,35-3023,Fast Food and Counter Workers,29000,51240,
4,AZ,35-3031,Waiters and Waitresses,36330,44820,
4,AZ,35-3041,"Food Servers, Nonrestaurant",29700,4460,
4,AZ,35-9011,Dining Room and Cafeteria Attendants and Bartender Helpers,29210,10470,
4,AZ,35-9021,Dishwashers,29380,8180,
4,AZ,35-9031,"Hosts and Hostesses, Restaurant, Lounge, and Coffee Shop",28800,7390,
4,AZ,35-9099,"Food Preparation and Serving Related Workers, All Other",30450,420,
4,AZ,37-0000,Building and Grounds Cleaning and Maintenance Occupations,29970,79510,79510
4,AZ,37-1011,First-Line Supervisors of Housekeeping and Janitorial Workers,38890,2550,
4,AZ,37-1012,"First-Line Supervisors of Landscaping, Lawn Service, and Groundskeeping Workers",46940,2730,
4,AZ,37-2011,"Janitors and Cleaners, Except Maids and Housekeeping Cleaners",29610,35530,
4,AZ,37-2012,Maids and Housekeeping Cleaners,29520,15510,
4,AZ,37-2019,"Building Cleaning Workers, All Other",28050,,
4,AZ,37-2021,Pest Control Workers,37390,3050,
4,AZ,37-3011,Landscaping and Groundskeeping Workers,30420,19520,
4,AZ,37-3012,"Pesticide Handlers, Sprayers, and Applicators, Vegetation",38270,220,
4,AZ,37-3013,Tree Trimmers and Pruners,46970,260,
4,AZ,37-3019,"Grounds Maintenance Workers, All Other",69080,60,
4,AZ,39-0000,Personal Care and Service Occupations,29730,48150,48150
4,AZ,39-1013,First-Line Supervisors of Gambling Services Workers,49760,450,
4,AZ,39-1014,"First-Line Supervisors of Entertainment and Recreation Workers, Except Gambling Services",39680,1520,
4,AZ,39-1022,First-Line Supervisors of Personal Service Workers,37980,1190,
4,AZ,39-2011,Animal Trainers,28610,480,
4,AZ,39-2021,Animal Caretakers,29630,4300,
4,AZ,39-3011,Gambling Dealers,26750,1220,
4,AZ,39-3012,Gambling and Sports Book Writers and Runners,29790,70,
4,AZ,39-3019,"Gambling Service Workers, All Other",29950,120,
4,AZ,39-3021,Motion Picture Projectionists,36940,,
4,AZ,39-3031,"Ushers, Lobby Attendants, and Ticket Takers",28430,830,
4,AZ,39-3091,Amusement and Recreation Attendants,28520,5730,
4,AZ,39-3092,Costume Attendants,35860,30,
4,AZ,39-3093,"Locker Room, Coatroom, and Dressing Room Attendants",29500,210,
4,AZ,39-4011,Embalmers,38380,60,
4,AZ,39-4012,Crematory Operators,39000,40,
4,AZ,39-4021,Funeral Attendants,29100,210,
4,AZ,39-4031,"Morticians, Undertakers, and Funeral Arrangers",46160,320,
4,AZ,39-5011,Barbers,48330,130,
4,AZ,39-5012,"Hairdressers, Hairstylists, and Cosmetologists",30930,6810,
4,AZ,39-5092,Manicurists and Pedicurists,28960,2020,
4,AZ,39-5094,Skincare Specialists,36490,1660,
4,AZ,39-6011,Baggage Porters and Bellhops,28570,680,
4,AZ,39-6012,Concierges,30030,430,
4,AZ,39-7010,Tour and Travel Guides,32640,880,
4,AZ,39-9011,Childcare Workers,29460,5090,
4,AZ,39-9031,Exercise Trainers and Group Fitness Instructors,46910,4780,
4,AZ,39-9032,Recreation Workers,29510,7110,
4,AZ,39-9041,Residential Advisors,30100,1550,
4,AZ,39-9099,"Personal Care and Service Workers, All Other",30100,,
4,AZ,41-0000,Sales and Related Occupations,30230,265370,265370
4,AZ,41-1011,First-Line Supervisors of Retail Sales Workers,38160,20100,
4,AZ,41-1012,First-Line Supervisors of Non-Retail Sales Workers,63310,2520,
4,AZ,41-2011,Cashiers,28820,64650,
4,AZ,41-2012,Gambling Change Persons and Booth Cashiers,26730,640,
4,AZ,41-2021,Counter and Rental Clerks,33690,5970,
4,AZ,41-2022,Parts Salespersons,30350,5060,
4,AZ,41-2031,Retail Salespersons,29570,77990,
4,AZ,41-3011,Advertising Sales Agents,48040,2040,
4,AZ,41-3021,Insurance Sales Agents,48460,8200,
4,AZ,41-3031,"Securities, Commodities, and Financial Services Sales Agents",49420,8790,
4,AZ,41-3041,Travel Agents,47910,960,
4,AZ,41-3091,"Sales Representatives of Services, Except Advertising, Insurance, Financial Services, and Travel",60590,22510,
4,AZ,41-4011,"Sales Representatives, Wholesale and Manufacturing, Technical and Scientific Products",96300,5830,
4,AZ,41-4012,"Sales Representatives, Wholesale and Manufacturing, Except Technical and Scientific Products",59050,23350,
4,AZ,41-9011,Demonstrators and Product Promoters,31030,620,
4,AZ,41-9021,Real Estate Brokers,,1280,
4,AZ,41-9022,Real Estate Sales Agents,46910,6680,
4,AZ,41-9031,Sales Engineers,103860,500,
4,AZ,41-9041,Telemarketers,29130,3000,
4,AZ,41-9091,"Door-to-Door Sales Workers, News and Street Vendors, and Related Workers",29390,40,
4,AZ,41-9099,"Sales and Related Workers, All Other",29570,4620,
4,AZ,43-0000,Office and Administrative Support Occupations,37640,432850,432850
4,AZ,43-1011,First-Line Supervisors of Office and Administrative Support Workers,60120,31140,
4,AZ,43-2011,"Switchboard Operators, Including Answering Service",29860,270,
4,AZ,43-2021,Telephone Operators,36890,70,
4,AZ,43-3011,Bill and Account Collectors,37710,7350,
4,AZ,43-3021,Billing and Posting Clerks,37720,11100,
4,AZ,43-3031,"Bookkeeping, Accounting, and Auditing Clerks",44300,28700,
4,AZ,43-3041,Gambling Cage Workers,28520,420,
4,AZ,43-3051,Payroll and Timekeeping Clerks,47020,3630,
4,AZ,43-3061,Procurement Clerks,46350,1530,
4,AZ,43-3071,Tellers,36900,4920,
4,AZ,43-3099,"Financial Clerks, All Other",48340,470,
4,AZ,43-4011,Brokerage Clerks,49120,530,
4,AZ,43-4021,Correspondence Clerks,46900,,
4,AZ,43-4031,"Court, Municipal, and License Clerks",37680,2880,
4,AZ,43-4041,"Credit Authorizers, Checkers, and Clerks",48340,610,
4,AZ,43-4051,Customer Service Representatives,37080,114320,
4,AZ,43-4061,"Eligibility Interviewers, Government Programs",36400,4200,
4,AZ,43-4071,File Clerks,37300,2170,
4,AZ,43-4081,"Hotel, Motel, and Resort Desk Clerks",29220,5470,
4,AZ,43-4111,"Interviewers, Except Eligibility and Loan",36590,2590,
4,AZ,43-4121,"Library Assistants, Clerical",29470,1580,
4,AZ,43-4131,Loan Interviewers and Clerks,47530,10990,
4,AZ,43-4141,New Accounts Clerks,38500,140,
4,AZ,43-4151,Order Clerks,37250,1330,
4,AZ,43-4161,"Human Resources Assistants, Except Payroll and Timekeeping",46590,2190,
4,AZ,43-4171,Receptionists and Information Clerks,29840,23430,
4,AZ,43-4181,Reservation and Transportation Ticket Agents and Travel Clerks,35110,2290,
4,AZ,43-4199,"Information and Record Clerks, All Other",42370,4640,
4,AZ,43-5011,Cargo and Freight Agents,46910,1170,
4,AZ,43-5021,Couriers and Messengers,29790,920,
4,AZ,43-5031,Public Safety Telecommunicators,47200,1830,
4,AZ,43-5032,"Dispatchers, Except Police, Fire, and Ambulance",38050,4650,
4,AZ,43-5041,"Meter Readers, Utilities",48640,650,
4,AZ,43-5051,Postal Service Clerks,53310,1050,
4,AZ,43-5052,Postal Service Mail Carriers,53140,5360,
4,AZ,43-5053,"Postal Service Mail Sorters, Processors, and Processing Machine Operators",46280,1860,
4,AZ,43-5061,"Production, Planning, and Expediting Clerks",47730,9300,
4,AZ,43-5071,"Shipping, Receiving, and Inventory Clerks",36590,16480,
4,AZ,43-5111,"Weighers, Measurers, Checkers, and Samplers, Recordkeeping",46180,750,
4,AZ,43-6011,Executive Secretaries and Executive Administrative Assistants,61190,5410,
4,AZ,43-6012,Legal Secretaries and Administrative Assistants,38320,2870,
4,AZ,43-6013,Medical Secretaries and Administrative Assistants,37660,15400,
4,AZ,43-6014,"Secretaries and Administrative Assistants, Except Legal, Medical, and Executive",37610,35580,
4,AZ,43-9021,Data Entry Keyers,36860,3970,
4,AZ,43-9022,Word Processors and Typists,40960,220,
4,AZ,43-9031,Desktop Publishers,38070,100,
4,AZ,43-9041,Insurance Claims and Policy Processing Clerks,37850,6610,
4,AZ,43-9051,"Mail Clerks and Mail Machine Operators, Except Postal Service",31130,1320,
4,AZ,43-9061,"Office Clerks, General",37680,44300,
4,AZ,43-9071,"Office Machine Operators, Except Computer",29890,960,
4,AZ,43-9081,Proofreaders and Copy Markers,38000,130,
4,AZ,43-9111,Statistical Assistants,47130,60,
4,AZ,43-9199,"Office and Administrative Support Workers, All Other",44780,2750,
4,AZ,45-0000,"Farming, Fishing, and Forestry Occupations",29280,10290,10290
4,AZ,45-1011,"First-Line Supervisors of Farming, Fishing, and Forestry Workers",58640,720,
4,AZ,45-2011,Agricultural Inspectors,38240,140,
4,AZ,45-2091,Agricultural Equipment Operators,30000,390,
4,AZ,45-2092,"Farmworkers and Laborers, Crop, Nursery, and Greenhouse",28830,8590,
4,AZ,45-2093,"Farmworkers, Farm, Ranch, and Aquacultural Animals",30980,240,
4,AZ,45-2099,"Agricultural Workers, All Other",44490,140,
4,AZ,45-4022,Logging Equipment Operators,45900,40,
4,AZ,47-0000,Construction and Extraction Occupations,47370,135000,135000
4,AZ,47-1011,First-Line Supervisors of Construction Trades and Extraction Workers,63470,15430,
4,AZ,47-2021,Brickmasons and Blockmasons,48400,1040,
4,AZ,47-2022,Stonemasons,29920,170,
4,AZ,47-2031,Carpenters,47190,13320,
4,AZ,47-2041,Carpet Installers,38350,550,
4,AZ,47-2042,"Floor Layers, Except Carpet, Wood, and Hard Tiles",47880,,
4,AZ,47-2044,Tile and Stone Setters,46090,1200,
4,AZ,47-2051,Cement Masons and Concrete Finishers,47340,6350,
4,AZ,47-2061,Construction Laborers,37630,23170,
4,AZ,47-2071,"Paving, Surfacing, and Tamping Equipment Operators",48050,730,
4,AZ,47-2073,Operating Engineers and Other Construction Equipment Operators,48060,10690,
4,AZ,47-2081,Drywall and Ceiling Tile Installers,47890,4000,
4,AZ,47-2082,Tapers,47230,810,
4,AZ,47-2111,Electricians,48200,14450,
4,AZ,47-2121,Glaziers,38990,1340,
4,AZ,47-2131,"Insulation Workers, Floor, Ceiling, and Wall",37350,750,
4,AZ,47-2132,"Insulation Workers, Mechanical",56070,410,
4,AZ,47-2141,"Painters, Construction and Maintenance",38530,6210,
4,AZ,47-2151,Pipelayers,48060,910,
4,AZ,47-2152,"Plumbers, Pipefitters, and Steamfitters",48370,10410,
4,AZ,47-2161,Plasterers and Stucco Masons,40530,1890,
4,AZ,47-2171,Reinforcing Iron and Rebar Workers,47090,80,
4,AZ,47-2181,Roofers,39090,3900,
4,AZ,47-2211,Sheet Metal Workers,47890,2060,
4,AZ,47-2221,Structural Iron and Steel Workers,48060,1580,
4,AZ,47-2231,Solar Photovoltaic Installers,46370,1080,
4,AZ,47-3011,"Helpers--Brickmasons, Blockmasons, Stonemasons, and Tile and Marble Setters",31590,480,
4,AZ,47-3012,Helpers--Carpenters,36690,460,
4,AZ,47-3013,Helpers--Electricians,37350,560,
4,AZ,47-3014,"Helpers--Painters, Paperhangers, Plasterers, and Stucco Masons",29650,,
4,AZ,47-3015,"Helpers--Pipelayers, Plumbers, Pipefitters, and Steamfitters",30150,630,
4,AZ,47-3016,Helpers--Roofers,29350,,
4,AZ,47-3019,"Helpers, Construction Trades, All Other",37360,530,
4,AZ,47-4011,Construction and Building Inspectors,61240,2770,
4,AZ,47-4021,Elevator and Escalator Installers and Repairers,95740,330,
4,AZ,47-4031,Fence Erectors,43650,840,
4,AZ,47-4041,Hazardous Materials Removal Workers,37840,550,
4,AZ,47-4051,Highway Maintenance Workers,39500,1400,
4,AZ,47-4061,Rail-Track Laying and Maintenance Equipment Operators,49530,,
4,AZ,47-4071,Septic Tank Servicers and Sewer Pipe Cleaners,38860,280,
4,AZ,47-4090,Miscellaneous Construction and Related Workers,42200,330,
4,AZ,47-5012,"Rotary Drill Operators, Oil and Gas",46910,40,
4,AZ,47-5013,"Service Unit Operators, Oil and Gas",43940,60,
4,AZ,47-5022,"Excavating and Loading Machine and Dragline Operators, Surface Mining",46740,550,
4,AZ,47-5023,"Earth Drillers, Except Oil and Gas",52140,520,
4,AZ,47-5032,"Explosives Workers, Ordnance Handling Experts, and Blasters",58210,50,
4,AZ,47-5041,Continuous Mining Machine Operators,46640,1150,
4,AZ,47-5044,"Loading and Moving Machine Operators, Underground Mining",57910,,
4,AZ,47-5051,"Rock Splitters, Quarry",41720,70,
4,AZ,47-5081,Helpers--Extraction Workers,46740,220,
4,AZ,49-0000,"Installation, Maintenance, and Repair Occupations",47320,120500,120500
4,AZ,49-1011,"First-Line Supervisors of Mechanics, Installers, and Repairers",62100,10690,
4,AZ,49-2011,"Computer, Automated Teller, and Office Machine Repairers",37570,1230,
4,AZ,49-2021,"Radio, Cellular, and Tower Equipment Installers and Repairers",48420,360,
4,AZ,49-2022,"Telecommunications Equipment Installers and Repairers, Except Line Installers",61270,4220,
4,AZ,49-2091,Avionics Technicians,60610,500,
4,AZ,49-2092,"Electric Motor, Power Tool, and Related Repairers",45810,630,
4,AZ,49-2093,"Electrical and Electronics Installers and Repairers, Transportation Equipment",51270,80,
4,AZ,49-2094,"Electrical and Electronics Repairers, Commercial and Industrial Equipment",61890,630,
4,AZ,49-2095,"Electrical and Electronics Repairers, Powerhouse, Substation, and Relay",98880,280,
4,AZ,49-2096,"Electronic Equipment Installers and Repairers, Motor Vehicles",36200,240,
4,AZ,49-2097,Audiovisual Equipment Installers and Repairers,38250,520,
4,AZ,49-2098,Security and Fire Alarm Systems Installers,39350,2140,
4,AZ,49-3011,Aircraft Mechanics and Service Technicians,62600,4720,
4,AZ,49-3021,Automotive Body and Related Repairers,47980,2550,
4,AZ,49-3022,Automotive Glass Installers and Repairers,29970,1040,
4,AZ,49-3023,Automotive Service Technicians and Mechanics,44950,15660,
4,AZ,49-3031,Bus and Truck Mechanics and Diesel Engine Specialists,48480,4350,
4,AZ,49-3041,Farm Equipment Mechanics and Service Technicians,48550,190,
4,AZ,49-3042,"Mobile Heavy Equipment Mechanics, Except Engines",59960,5600,
4,AZ,49-3043,Rail Car Repairers,47320,150,
4,AZ,49-3051,Motorboat Mechanics and Service Technicians,47590,230,
4,AZ,49-3052,Motorcycle Mechanics,34390,230,
4,AZ,49-3053,Outdoor Power Equipment and Other Small Engine Mechanics,37560,690,
4,AZ,49-3091,Bicycle Repairers,36840,430,
4,AZ,49-3092,Recreational Vehicle Service Technicians,37340,820,
4,AZ,49-3093,Tire Repairers and Changers,29510,2250,
4,AZ,49-9011,Mechanical Door Repairers,47940,860,
4,AZ,49-9012,"Control and Valve Installers and Repairers, Except Mechanical Door",63840,670,
4,AZ,49-9021,"Heating, Air Conditioning, and Refrigeration Mechanics and Installers",47590,7950,
4,AZ,49-9031,Home Appliance Repairers,49180,570,
4,AZ,49-9041,Industrial Machinery Mechanics,54930,3490,
4,AZ,49-9043,"Maintenance Workers, Machinery",58520,1030,
4,AZ,49-9044,Millwrights,46990,390,
4,AZ,49-9051,Electrical Power-Line Installers and Repairers,84460,2360,
4,AZ,49-9052,Telecommunications Line Installers and Repairers,48190,1420,
4,AZ,49-9061,Camera and Photographic Equipment Repairers,29830,,
4,AZ,49-9062,Medical Equipment Repairers,48040,1230,
4,AZ,49-9063,Musical Instrument Repairers and Tuners,47000,40,
4,AZ,49-9064,Watch and Clock Repairers,26950,,
4,AZ,49-9071,"Maintenance and Repair Workers, General",37820,32630,
4,AZ,49-9091,"Coin, Vending, and Amusement Machine Servicers and Repairers",48030,980,
4,AZ,49-9094,Locksmiths and Safe Repairers,37610,280,
4,AZ,49-9096,Riggers,47290,180,
4,AZ,49-9097,Signal and Track Switch Repairers,49190,40,
4,AZ,49-9098,"Helpers--Installation, Maintenance, and Repair Workers",35520,1800,
4,AZ,49-9099,"Installation, Maintenance, and Repair Workers, All Other",44770,3850,
4,AZ,51-0000,Production Occupations,37710,113790,113790
4,AZ,51-1011,First-Line Supervisors of Production and Operating Workers,61820,7570,
4,AZ,51-2011,"Aircraft Structure, Surfaces, Rigging, and Systems Assemblers",47050,800,
4,AZ,51-2028,"Electrical, Electronic, and Electromechanical Assemblers, Except Coil Winders, Tapers, and Finishers",37710,4740,
4,AZ,51-2031,Engine and Other Machine Assemblers,38370,270,
4,AZ,51-2041,Structural Metal Fabricators and Fitters,37440,1190,
4,AZ,51-2051,Fiberglass Laminators and Fabricators,46910,140,
4,AZ,51-2090,Miscellaneous Assemblers and Fabricators,35630,17590,
4,AZ,51-3011,Bakers,29420,4580,
4,AZ,51-3021,Butchers and Meat Cutters,34980,2400,
4,AZ,51-3022,"Meat, Poultry, and Fish Cutters and Trimmers",29490,900,
4,AZ,51-3023,Slaughterers and Meat Packers,36640,430,
4,AZ,51-3091,"Food and Tobacco Roasting, Baking, and Drying Machine Operators and Tenders",29930,100,
4,AZ,51-3092,Food Batchmakers,34300,1510,
4,AZ,51-3093,Food Cooking Machine Operators and Tenders,29750,370,
4,AZ,51-3099,"Food Processing Workers, All Other",36620,530,
4,AZ,51-4021,"Extruding and Drawing Machine Setters, Operators, and Tenders, Metal and Plastic",37550,310,
4,AZ,51-4022,"Forging Machine Setters, Operators, and Tenders, Metal and Plastic",38700,40,
4,AZ,51-4023,"Rolling Machine Setters, Operators, and Tenders, Metal and Plastic",35970,300,
4,AZ,51-4031,"Cutting, Punching, and Press Machine Setters, Operators, and Tenders, Metal and Plastic",38370,1340,
4,AZ,51-4032,"Drilling and Boring Machine Tool Setters, Operators, and Tenders, Metal and Plastic",37500,,
4,AZ,51-4033,"Grinding, Lapping, Polishing, and Buffing Machine Tool Setters, Operators, and Tenders, Metal and Plastic",37510,560,
4,AZ,51-4034,"Lathe and Turning Machine Tool Setters, Operators, and Tenders, Metal and Plastic",50380,60,
4,AZ,51-4035,"Milling and Planing Machine Setters, Operators, and Tenders, Metal and Plastic",46690,180,
4,AZ,51-4041,Machinists,48080,5570,
4,AZ,51-4051,Metal-Refining Furnace Operators and Tenders,,240,
4,AZ,51-4071,Foundry Mold and Coremakers,36830,280,
4,AZ,51-4072,"Molding, Coremaking, and Casting Machine Setters, Operators, and Tenders, Metal and Plastic",37150,1390,
4,AZ,51-4081,"Multiple Machine Tool Setters, Operators, and Tenders, Metal and Plastic",36590,880,
4,AZ,51-4111,Tool and Die Makers,60830,290,
4,AZ,51-4121,"Welders, Cutters, Solderers, and Brazers",46970,5810,
4,AZ,51-4122,"Welding, Soldering, and Brazing Machine Setters, Operators, and Tenders",43640,640,
4,AZ,51-4191,"Heat Treating Equipment Setters, Operators, and Tenders, Metal and Plastic",44140,30,
4,AZ,51-4193,"Plating Machine Setters, Operators, and Tenders, Metal and Plastic",36600,640,
4,AZ,51-4194,"Tool Grinders, Filers, and Sharpeners",60330,60,
4,AZ,51-4199,"Metal Workers and Plastic Workers, All Other",37040,80,
4,AZ,51-5111,Prepress Technicians and Workers,47440,300,
4,AZ,51-5112,Printing Press Operators,37530,2470,
4,AZ,51-5113,Print Binding and Finishing Workers,36360,530,
4,AZ,51-6011,Laundry and Dry-Cleaning Workers,29320,2940,
4,AZ,51-6021,"Pressers, Textile, Garment, and Related Materials",28880,500,
4,AZ,51-6031,Sewing Machine Operators,29420,1800,
4,AZ,51-6052,"Tailors, Dressmakers, and Custom Sewers",31250,50,
4,AZ,51-6062,"Textile Cutting Machine Setters, Operators, and Tenders",35250,120,
4,AZ,51-6093,Upholsterers,36860,260,
4,AZ,51-6099,"Textile, Apparel, and Furnishings Workers, All Other",45460,,
4,AZ,51-7011,Cabinetmakers and Bench Carpenters,36740,2090,
4,AZ,51-7021,Furniture Finishers,34930,410,
4,AZ,51-7041,"Sawing Machine Setters, Operators, and Tenders, Wood",36330,290,
4,AZ,51-7042,"Woodworking Machine Setters, Operators, and Tenders, Except Sawing",35890,1040,
4,AZ,51-7099,"Woodworkers, All Other",40820,210,
4,AZ,51-8012,Power Distributors and Dispatchers,97350,70,
4,AZ,51-8013,Power Plant Operators,51990,570,
4,AZ,51-8021,Stationary Engineers and Boiler Operators,60910,120,
4,AZ,51-8031,Water and Wastewater Treatment Plant and System Operators,47690,4350,
4,AZ,51-8091,Chemical Plant and System Operators,49250,60,
4,AZ,51-8092,Gas Plant Operators,75700,80,
4,AZ,51-8093,"Petroleum Pump System Operators, Refinery Operators, and Gaugers",71880,190,
4,AZ,51-8099,"Plant and System Operators, All Other",64600,100,
4,AZ,51-9011,Chemical Equipment Operators and Tenders,38130,1200,
4,AZ,51-9012,"Separating, Filtering, Clarifying, Precipitating, and Still Machine Setters, Operators, and Tenders",39100,680,
4,AZ,51-9021,"Crushing, Grinding, and Polishing Machine Setters, Operators, and Tenders",37550,370,
4,AZ,51-9022,"Grinding and Polishing Workers, Hand",37710,560,
4,AZ,51-9023,"Mixing and Blending Machine Setters, Operators, and Tenders",37630,1350,
4,AZ,51-9031,"Cutters and Trimmers, Hand",31700,70,
4,AZ,51-9032,"Cutting and Slicing Machine Setters, Operators, and Tenders",37620,750,
4,AZ,51-9041,"Extruding, Forming, Pressing, and Compacting Machine Setters, Operators, and Tenders",37550,390,
4,AZ,51-9051,"Furnace, Kiln, Oven, Drier, and Kettle Operators and Tenders",48700,80,
4,AZ,51-9061,"Inspectors, Testers, Sorters, Samplers, and Weighers",46630,9970,
4,AZ,51-9071,Jewelers and Precious Stone and Metal Workers,30280,530,
4,AZ,51-9081,Dental Laboratory Technicians,48620,660,
4,AZ,51-9082,Medical Appliance Technicians,38700,490,
4,AZ,51-9083,Ophthalmic Laboratory Technicians,38370,300,
4,AZ,51-9111,Packaging and Filling Machine Operators and Tenders,30280,3170,
4,AZ,51-9123,"Painting, Coating, and Decorating Workers",37550,40,
4,AZ,51-9124,"Coating, Painting, and Spraying Machine Setters, Operators, and Tenders",37500,2310,
4,AZ,51-9141,Semiconductor Processing Technicians,57910,2270,
4,AZ,51-9151,Photographic Process Workers and Processing Machine Operators,38370,60,
4,AZ,51-9161,Computer Numerically Controlled Tool Operators,46630,1730,
4,AZ,51-9162,Computer Numerically Controlled Tool Programmers,62280,350,
4,AZ,51-9192,"Cleaning, Washing, and Metal Pickling Equipment Operators and Tenders",37550,180,
4,AZ,51-9194,Etchers and Engravers,37710,280,
4,AZ,51-9195,"Molders, Shapers, and Casters, Except Metal and Plastic",38880,480,
4,AZ,51-9196,"Paper Goods Machine Setters, Operators, and Tenders",38370,780,
4,AZ,51-9197,Tire Builders,34500,160,
4,AZ,51-9198,Helpers--Production Workers,29740,1370,
4,AZ,51-9199,"Production Workers, All Other",36760,2350,
4,AZ,53-0000,Transportation and Material Moving Occupations,36860,257420,257420
4,AZ,53-1041,Aircraft Cargo Handling Supervisors,61760,220,
4,AZ,53-1047,"First-Line Supervisors of Transportation and Material Moving Workers, Except Aircraft Cargo Handling Supervisors",49090,10960,
4,AZ,53-2011,"Airline Pilots, Copilots, and Flight Engineers",169410,2630,
4,AZ,53-2012,Commercial Pilots,81970,1350,
4,AZ,53-2021,Air Traffic Controllers,112130,370,
4,AZ,53-2022,Airfield Operations Specialists,62780,160,
4,AZ,53-2031,Flight Attendants,77610,3880,
4,AZ,53-3031,Driver/Sales Workers,29290,10330,
4,AZ,53-3032,Heavy and Tractor-Trailer Truck Drivers,47600,37710,
4,AZ,53-3033,Light Truck Drivers,38380,18460,
4,AZ,53-3051,"Bus Drivers, School",37580,5320,
4,AZ,53-3052,"Bus Drivers, Transit and Intercity",47880,2810,
4,AZ,53-3053,Shuttle Drivers and Chauffeurs,29610,4440,
4,AZ,53-3099,"Motor Vehicle Operators, All Other",30250,,
4,AZ,53-4011,Locomotive Engineers,49100,270,
4,AZ,53-4022,"Railroad Brake, Signal, and Switch Operators and Locomotive Firers",47140,70,
4,AZ,53-4031,Railroad Conductors and Yardmasters,48720,280,
4,AZ,53-4041,Subway and Streetcar Operators,38640,190,
4,AZ,53-5021,"Captains, Mates, and Pilots of Water Vessels",47470,50,
4,AZ,53-6021,Parking Attendants,29100,2010,
4,AZ,53-6031,Automotive and Watercraft Service Attendants,29940,1850,
4,AZ,53-6032,Aircraft Service Attendants,30350,250,
4,AZ,53-6041,Traffic Technicians,49190,430,
4,AZ,53-6051,Transportation Inspectors,63100,510,
4,AZ,53-6061,Passenger Attendants,29520,,
4,AZ,53-6099,"Transportation Workers, All Other",48790,,
4,AZ,53-7011,Conveyor Operators and Tenders,29150,610,
4,AZ,53-7021,Crane and Tower Operators,61640,200,
4,AZ,53-7051,Industrial Truck and Tractor Operators,38550,17760,
4,AZ,53-7061,Cleaners of Vehicles and Equipment,29290,7490,
4,AZ,53-7062,"Laborers and Freight, Stock, and Material Movers, Hand",30650,60650,
4,AZ,53-7063,Machine Feeders and Offbearers,37920,310,
4,AZ,53-7064,"Packers and Packagers, Hand",29940,9080,
4,AZ,53-7065,Stockers and Order Fillers,30010,54180,
4,AZ,53-7072,"Pump Operators, Except Wellhead Pumpers",54570,,
4,AZ,53-7081,Refuse and Recyclable Material Collectors,37560,1140,
4,AZ,53-7121,"Tank Car, Truck, and Ship Loaders",34860,50,
4,AZ,53-7199,"Material Moving Workers, All Other",37810,120,